{
    "accuracy": 0.9906191369606003,
    "precision": 0.9938271604938271,
    "recall": 0.9757575757575757,
    "auc": 0.9996212121212121
}